,AD,DLB,PD,SVAD
Topic_0,0.5021173017200162,-0.2153856210908502,0.28207494995578786,-0.4694217128555341
Topic_1,0.5015013645041012,-0.24246093973835242,0.2723623751083392,-0.47752347555335234
Topic_2,0.4817198512283113,-0.23243967063979934,0.32747310097395493,-0.5607800361362407
Topic_3,0.5022405222358272,-0.2220923995128527,0.2132212816934962,-0.47165158264591406
Topic_4,0.5182558221854877,-0.18857297986926394,0.23069812938592002,-0.46709834182123916
Topic_5,0.05953991675196743,-0.5039596688365595,1.0063939149969126,-0.8273169186599802
